{"time": 2.955471992492676, "name": "LogisticRegression", "model": "LogisticRegression(C=10.0, random_state=42)", "size": [54799, 27400, 27399], "accuracy": 0.7918172196065549, "precision": 0.792910954246522, "recall": 0.7918172196065549, "auc": 0.8601292962334028, "f1_test": 0.7920019825002467, "coef": [0.08235342708005824, -0.7197622106551005, 0.4693981449800527, 0.8756994928653404, 0.9457794526631076, 1.1853373770335516, 0.7461868844128122, -2.2883767808788487, 0.3285819909417102, -1.741016519171306, -0.12516520103359305, -1.183430394079855]}
{"time": 171.40210819244385, "name": "RandomForestClassifier", "model": "RandomForestClassifier(max_depth=20, min_samples_leaf=4, random_state=42)", "size": [54799, 27400, 27399], "accuracy": 0.800503668017081, "precision": 0.8029542799722701, "recall": 0.800503668017081, "auc": 0.8721995177596763, "f1_test": 0.8006965281323002, "coef": [null]}
{"time": 8896.878759384155, "name": "SVC", "model": "SVC(C=1, gamma=0.01, probability=True, random_state=42)", "size": [54799, 27400, 27399], "accuracy": 0.7947735318807255, "precision": 0.7970811344942627, "recall": 0.7947735318807255, "auc": 0.8610150600334318, "f1_test": 0.7949739755674283, "coef": [null]}
{"time": 235.15382766723633, "name": "GradientBoostingClassifier", "model": "GradientBoostingClassifier(max_depth=9, max_features=7, min_samples_split=900,\n                           n_estimators=40, random_state=42, subsample=0.7)", "size": [54799, 27400, 27399], "accuracy": 0.7999927004635206, "precision": 0.8020599864171409, "recall": 0.7999927004635206, "auc": 0.8726606278389419, "f1_test": 0.8001899882324577, "coef": [null]}
{"time": 433.4920816421509, "name": "2 layer NN", "model": {"clf__batch_size": 50, "clf__epochs": 50}, "size": [54799, 27400, 27399], "accuracy": 0.7995912259571517, "precision": 0.8016248606674687, "recall": 0.7995912259571517, "auc": 0.8717299341849054, "f1_test": 0.7997890147316374, "coef": [null]}
