{"time": 1.5714380741119385, "name": "LogisticRegression", "model": "LogisticRegression(C=1e-05, penalty='none', random_state=0)", "size": [54051, 27025, 27025], "accuracy": 0.8020351526364478, "precision": 0.7715406562054208, "recall": 0.8343875347115088, "sensitivity": 0.8343875347115088, "specificity": 0.7722068131711827, "auc": 0.8670084862533439, "f1_test": 0.8017343611028758, "coef": [{"intercept": -2.1930702678918723, "cough": -0.7337122235041638, "fever": 0.480881894038741, "sore_throat": 0.9219195649230182, "shortness_of_breath": 1.0017441147400563, "head_ache": 1.2128849714111571, "Sixties_1": 0.34830958820321417, "Sixties_2": -1.7838235260659072, "Gender_1": -0.14246626819434624, "Gender_2": -1.1317991769114086, "contact_1": 3.078629187141458, "contact_2": 0.3417896788731384}], "best_param": {"clf__C": 1e-05}}
