{"time": 1.8807268142700195, "name": "LogisticRegression", "model": "LogisticRegression(C=1e-05, penalty='none', random_state=0)", "size": [53962, 26986, 26981], "accuracy": 0.838478929617138, "precision": 0.8236754966887417, "recall": 0.8445216049382716, "sensitivity": 0.8445216049382716, "specificity": 0.8328935168675559, "AUC": 0.9014189694294538, "f1_test": 0.8339683023468455, "coef": [{"intercept": -4.26464395128907, "cough": -0.39531319158642036, "fever": 0.4642104149371365, "sore_throat": 0.708684095130957, "shortness_of_breath": 1.0048097958523006, "head_ache": 0.8649533644836056, "Sixties": 0.45595410445776086, "Gender": -0.2065024664435537, "Ave_Pos_Past7d": 4.243152644865561, "Test_reason": 2.4048046991674124, "Sixties_1": -0.13009220346462358, "Gender_1": -0.7073215588271279, "Test_reason_1": 0.22687453550980127}], "best_param": {"clf__C": 1e-05}}
{"time": 1007.9139721393585, "name": "RandomForestClassifier", "model": "RandomForestClassifier(max_depth=14, max_features=7, min_samples_split=12,\n                       n_estimators=87, random_state=0)", "size": [53962, 26986, 26981], "accuracy": 0.8508950743115525, "precision": 0.8182919011325593, "recall": 0.8864197530864197, "sensitivity": 0.8864197530864197, "specificity": 0.818058626346195, "AUC": 0.9171276237099377, "f1_test": 0.8509944812770843, "coef": [{"cough": 0.021032695879889304, "fever": 0.014410821031519553, "sore_throat": 0.021634556845965016, "shortness_of_breath": 0.019043676585651436, "head_ache": 0.06537923971550287, "Sixties": 0.010843375569543613, "Gender": 0.010565869903349923, "Ave_Pos_Past7d": 0.6619955046063448, "Test_reason": 0.1499514469932414, "Sixties_1": 0.014232151606352363, "Gender_1": 0.0026931329713910344, "Test_reason_1": 0.008217528291248569}], "best_param": {"clf__max_depth": 14, "clf__max_features": 7, "clf__min_samples_split": 12, "clf__n_estimators": 87}}
{"time": 48.55199956893921, "name": "DecisionTreeClassifier", "model": "DecisionTreeClassifier(max_depth=8, max_leaf_nodes=46, random_state=0)", "size": [53962, 26986, 26981], "accuracy": 0.8466698788036026, "precision": 0.8048510814732914, "recall": 0.8986882716049382, "sensitivity": 0.8986882716049382, "specificity": 0.7985878325369089, "AUC": 0.910911837160485, "f1_test": 0.8491852283912362, "coef": [{"cough": 0.009779298059059426, "fever": 0.004841109751700077, "sore_throat": 0.01954812740381452, "shortness_of_breath": 0.014504285526478573, "head_ache": 0.04673084530862793, "Sixties": 0.0, "Gender": 0.0, "Ave_Pos_Past7d": 0.7330735091338221, "Test_reason": 0.15290031535749007, "Sixties_1": 0.01445370000792924, "Gender_1": 0.0015590518708586386, "Test_reason_1": 0.0026097575802195134}], "best_param": {"clf__max_depth": 8, "clf__max_leaf_nodes": 46, "clf__min_samples_split": 2}}
{"time": 1098.170325756073, "name": "GradientBoostingClassifier", "model": "GradientBoostingClassifier(max_depth=12, n_estimators=74, random_state=0)", "size": [53962, 26986, 26981], "accuracy": 0.8411845372669656, "precision": 0.8135164438019515, "recall": 0.8684413580246914, "sensitivity": 0.8684413580246914, "specificity": 0.8159903002638899, "AUC": 0.9059116021734593, "f1_test": 0.8400821048703115, "coef": [{"cough": 0.019983259325526997, "fever": 0.020244356404782102, "sore_throat": 0.02715528859549132, "shortness_of_breath": 0.022029033043116267, "head_ache": 0.045480854467500345, "Sixties": 0.011345767733145969, "Gender": 0.019060069307510256, "Ave_Pos_Past7d": 0.6806657330359185, "Test_reason": 0.12972240208917485, "Sixties_1": 0.0150640624685798, "Gender_1": 0.0026219514942280807, "Test_reason_1": 0.006627222035025547}], "best_param": {"clf__max_depth": 12, "clf__n_estimators": 74}}
{"time": 536.6301028728485, "name": "MLPClassifier", "model": "MLPClassifier(batch_size=10, hidden_layer_sizes=(6, 3, 1), max_iter=25,\n              random_state=0)", "size": [53962, 26986, 26981], "accuracy": 0.8440013342722656, "precision": 0.8020294056740526, "recall": 0.8965277777777778, "sensitivity": 0.8965277777777778, "specificity": 0.7954496826189288, "AUC": 0.9132154391868987, "f1_test": 0.8466499070936715, "coef": [null], "best_param": {"clf__batch_size": 10, "clf__max_iter": 25}}
