{"time": 2.347118377685547, "name": "LogisticRegression", "model": "LogisticRegression(C=1e-05, penalty='none', random_state=42)", "size": [27400, 54799, 27399], "accuracy": 0.7918172196065549, "precision": 0.792910954246522, "recall": 0.7918172196065549, "auc": 0.8601289003756583, "f1_test": 0.7920019825002467, "coef": [0.08236944474961731, -0.7197615817540185, 0.46942920980582925, 0.8757669958316846, 0.9459435203925664, 1.1853893819810575, 0.7461836505113332, -2.288698070835727, 0.32859416291427046, -1.7411106566874677, -0.12519826633595485, -1.1842385324841365]}
{"time": 146.67257690429688, "name": "RandomForestClassifier", "model": "RandomForestClassifier(max_depth=10, min_samples_leaf=4, min_samples_split=10,\n                       random_state=42)", "size": [27400, 54799, 27399], "accuracy": 0.8004671703346837, "precision": 0.802905565752434, "recall": 0.8004671703346837, "auc": 0.8722533865095103, "f1_test": 0.8006602615760097, "coef": [null]}
