{"time": 39.12994384765625, "name": "LogisticRegression", "model": "LogisticRegression(C=1e-05, penalty='none', random_state=0)", "size": [485135, 242601, 242713], "accuracy": 0.9835484708276854, "precision": 0.724109812449035, "recall": 0.47217298830202054, "sensitivity": 0.47217298830202054, "specificity": 0.9957185821968946, "AUC": 0.8585246616874137, "f1_test": 0.5716124879304796, "coef": [{"intercept": -1.0930687725815595, "Ave_Pos_Rate_7dMA": 0.010188663783466867, "Ave_Pos_Sympt_7dMA": 0.01560114586234075, "Ave_Pos_Asymp_7dMA": 0.006542915296996255, "Ave_Symptomatic_Tests_7dMA": -0.00014190256101517915, "Num_Tests_7dMA": 0.00010129371826793488, "cough": 0.0, "fever": 0.0, "sore_throat": 0.0, "shortness_of_breath": 0.0, "head_ache": 0.0, "Sixties": -0.09409571637944066, "Gender": -0.23430885080588085, "Test_Reason": 1.179116780688788, "Sixties_1": -0.5610005010878677, "Gender_1": -0.5478307050498185, "Test_Reason_1": -4.875331776577277}], "best_param": {"clf__C": 1e-05}}
