{"time": 1.5136723518371582, "name": "LogisticRegression", "model": "LogisticRegression(C=1e-05, penalty='none', random_state=0)", "size": [54051, 27025, 27025], "accuracy": 0.7739870490286771, "precision": 0.7935434149683165, "recall": 0.7148256710891701, "sensitivity": 0.7148256710891701, "specificity": 0.8285328212787142, "auc": 0.8293152997514841, "f1_test": 0.7521305088872657, "coef": [{"intercept": 0.10547001728085344, "cough": -0.9901869058657861, "fever": 0.4945688157559759, "sore_throat": 1.197552195796121, "shortness_of_breath": 1.1958950891267788, "head_ache": 1.5984006233374115, "Sixties": 0.3498151189560425, "Gender": -0.08842367898162444, "Sixties_1": -1.831228877394138, "Gender_1": -1.135538289510041}], "best_param": {"clf__C": 1e-05}}
{"time": 585.2518301010132, "name": "RandomForestClassifier", "model": "RandomForestClassifier(max_depth=10, max_features=7, min_samples_split=6,\n                       n_estimators=79, random_state=0)", "size": [54051, 27025, 27025], "accuracy": 0.7765032377428307, "precision": 0.7924480486568677, "recall": 0.7236192533168775, "sensitivity": 0.7236192533168775, "specificity": 0.8252613612118626, "auc": 0.835990643074745, "f1_test": 0.7564712523183614, "coef": [{"cough": 0.23318581250176795, "fever": 0.020216643877804422, "sore_throat": 0.09280685384784071, "shortness_of_breath": 0.044805759196736274, "head_ache": 0.3669243471068275, "Sixties": 0.035432343416333, "Gender": 0.0058854041972197365, "Sixties_1": 0.19389294847621374, "Gender_1": 0.0068498873792567005}], "best_param": {"clf__max_depth": 10, "clf__max_features": 7, "clf__min_samples_split": 6, "clf__n_estimators": 79}}
{"time": 121.71612191200256, "name": "GradientBoostingClassifier", "model": "GradientBoostingClassifier(max_depth=12, n_estimators=70, random_state=0)", "size": [54051, 27025, 27025], "accuracy": 0.7763552266419982, "precision": 0.7924767540152156, "recall": 0.7231564331996297, "sensitivity": 0.7231564331996297, "specificity": 0.8254035986060735, "auc": 0.8359336861268356, "f1_test": 0.7562313462934582, "coef": [{"cough": 0.22333748481996632, "fever": 0.01733134116455048, "sore_throat": 0.08942841150349166, "shortness_of_breath": 0.04454182129804854, "head_ache": 0.3926338367072044, "Sixties": 0.00569164086153097, "Gender": 0.0038694181883240017, "Sixties_1": 0.21560142632818485, "Gender_1": 0.007564619128698764}], "best_param": {"clf__max_depth": 12, "clf__n_estimators": 70}}
{"time": 274.917462348938, "name": "MLPClassifier", "model": "MLPClassifier(batch_size=50, hidden_layer_sizes=(6, 3, 1), max_iter=25,\n              random_state=0)", "size": [54051, 27025, 27025], "accuracy": 0.7754301572617947, "precision": 0.7901203399814861, "recall": 0.7242363468065411, "sensitivity": 0.7242363468065411, "specificity": 0.8226299694189603, "auc": 0.8336994596712551, "f1_test": 0.755745160381535, "coef": [null], "best_param": {"clf__batch_size": 50, "clf__max_iter": 25}}
