{"time": 1.3685312271118164, "name": "LogisticRegression", "model": "LogisticRegression(C=1e-05, penalty='none', random_state=0)", "size": [54051, 27025, 27025], "accuracy": 0.8020351526364478, "precision": 0.7715406562054208, "recall": 0.8343875347115088, "sensitivity": 0.8343875347115088, "specificity": 0.7722068131711827, "AUC": 0.8670084862533439, "f1_test": 0.8017343611028758, "coef": [{"intercept": -2.1930702740814225, "cough": -0.7337122177863502, "fever": 0.48088189344898785, "sore_throat": 0.9219195760749656, "shortness_of_breath": 1.0017441008341306, "head_ache": 1.212884972424841, "Sixties": 0.34830960114220716, "Gender": -0.14246627530934522, "contact": 3.0786291904628094, "Sixties_1": -1.7838245647418514, "Gender_1": -1.131800566137286, "contact_1": 0.3417755159145974}], "best_param": {"clf__C": 1e-05}}
{"time": 567.86301612854, "name": "RandomForestClassifier", "model": "RandomForestClassifier(max_depth=10, max_features=7, min_samples_split=12,\n                       n_estimators=79, random_state=0)", "size": [54051, 27025, 27025], "accuracy": 0.8071415356151711, "precision": 0.778448275862069, "recall": 0.8358531317494601, "sensitivity": 0.8358531317494601, "specificity": 0.7806699381267335, "AUC": 0.8782688954270108, "f1_test": 0.8061300401725934, "coef": [{"cough": 0.09733363312412593, "fever": 0.018139625314076185, "sore_throat": 0.043266978271032805, "shortness_of_breath": 0.02432423735692238, "head_ache": 0.17853154323273807, "Sixties": 0.01746286723107799, "Gender": 0.007324624341519266, "contact": 0.3756335978764603, "Sixties_1": 0.19135581422841869, "Gender_1": 0.005211720154231538, "contact_1": 0.04141535886939679}], "best_param": {"clf__max_depth": 10, "clf__max_features": 7, "clf__min_samples_split": 12, "clf__n_estimators": 79}}
{"time": 149.11572456359863, "name": "GradientBoostingClassifier", "model": "GradientBoostingClassifier(max_depth=12, n_estimators=70, random_state=0)", "size": [54051, 27025, 27025], "accuracy": 0.8067715078630897, "precision": 0.778930681654417, "recall": 0.8338475779080531, "sensitivity": 0.8338475779080531, "specificity": 0.781807837280421, "AUC": 0.8771641912159478, "f1_test": 0.8054541390358393, "coef": [{"cough": 0.09032685751242077, "fever": 0.014955421058967648, "sore_throat": 0.038578394404082846, "shortness_of_breath": 0.0231000970082867, "head_ache": 0.10842727908962575, "Sixties": 0.0052841002550960865, "Gender": 0.00695591726299126, "contact": 0.4197014032943548, "Sixties_1": 0.23120297253184124, "Gender_1": 0.0049659548721225685, "contact_1": 0.056501602710210305}], "best_param": {"clf__max_depth": 12, "clf__n_estimators": 70}}
{"time": 424.6219689846039, "name": "MLPClassifier", "model": "MLPClassifier(batch_size=10, hidden_layer_sizes=(6, 3, 1), max_iter=25,\n              random_state=0)", "size": [54051, 27025, 27025], "accuracy": 0.8062904717853839, "precision": 0.7731674559977381, "recall": 0.843721073742672, "sensitivity": 0.843721073742672, "specificity": 0.7717801009885499, "AUC": 0.8755516800876053, "f1_test": 0.8069049463317473, "coef": [null], "best_param": {"clf__batch_size": 10, "clf__max_iter": 25}}
