{"model": "Pipeline(steps=[('classifier', LogisticRegression())])", "name": "LogisticRegression", "size": [[69099, 13820], [69099, 13820], [69099, 13820], [69099, 13820], [69099, 13820], [69100, 13819]], "accuracy": [0.7779305354558611, 0.7807525325615051, 0.7803183791606367, 0.7767727930535456, 0.7804630969609262, 0.7935451190390043], "precision": [0.7770215740145482, 0.7799255932675647, 0.7793594656864808, 0.7759711546178102, 0.7797209448194489, 0.7936998510091362], "recall": [0.7779305354558611, 0.7807525325615051, 0.7803183791606367, 0.7767727930535456, 0.7804630969609262, 0.7935451190390043], "f1_valid": [0.7769930729138351, 0.7797743291707463, 0.7793566139620303, 0.7760639273540444, 0.7794046719383946, 0.7913501178884013], "f1_train": [0.78146041214622, 0.7809042840066912, 0.780987634334143, 0.7816315976653324, 0.7809651698914056, 0.778788622488459], "time": [0.27030205726623535, 0.2692735195159912, 0.27127528190612793, 0.2663397789001465, 0.2742431163787842, 0.2652912139892578]}
{"model": "Pipeline(steps=[('classifier',\n                 RandomForestClassifier(n_estimators=1000, random_state=42))])", "name": "RandomForestClassifier", "size": [[69099, 13820], [69099, 13820], [69099, 13820], [69099, 13820], [69099, 13820], [69100, 13819]], "accuracy": [0.7880607814761216, 0.7920405209840811, 0.7904486251808972, 0.7945007235890015, 0.7947901591895803, 0.7960778638106955], "precision": [0.7925861861042891, 0.7952237727958107, 0.7940086702925158, 0.7984683466661938, 0.7984681784142883, 0.798591419656296], "recall": [0.7880607814761216, 0.7920405209840811, 0.7904486251808972, 0.7945007235890015, 0.7947901591895803, 0.7960778638106955], "f1_valid": [0.7836057026181664, 0.7880427180531492, 0.7866137535786254, 0.7905560667211825, 0.7908150529059281, 0.7922604394084942], "f1_train": [0.7901393176120228, 0.7892410356269027, 0.789503124001906, 0.7887500405866927, 0.7887296379074203, 0.7883792503813071], "time": [27.566944122314453, 26.281527996063232, 24.095577001571655, 24.655197143554688, 24.767614126205444, 26.07366394996643]}
