{"time": 3.139770030975342, "name": "LogisticRegression", "model": "LogisticRegression(C=0.31622776601683794, random_state=42)", "size": [54064, 27022, 27015], "accuracy": 0.8043309272626319, "precision": 0.8058345248400389, "recall": 0.8043309272626319, "auc": 0.8670504096265979, "f1_test": 0.8044189552599779, "coef": [0.1808664843012505, -0.7424444176002808, 0.4811269209123355, 0.882768128022124, 0.9921112476995204, 1.1943806832349206, 0.7490969487749396, -2.317151640307166, 0.08399836627093138, -1.7501372828041695, -0.2252317188212737, -1.2492929212557253]}
{"time": 184.6356132030487, "name": "RandomForestClassifier", "model": "RandomForestClassifier(max_depth=10, min_samples_leaf=4, min_samples_split=10,\n                       random_state=42)", "size": [54064, 27022, 27015], "accuracy": 0.8062928002961318, "precision": 0.807667656113807, "recall": 0.8062928002961318, "auc": 0.8771935695375614, "f1_test": 0.8063833462974281, "coef": [null]}
{"time": 8134.301624774933, "name": "SVC", "model": "SVC(C=0.01, gamma=0.1, probability=True, random_state=42)", "size": [54064, 27022, 27015], "accuracy": 0.8018878400888395, "precision": 0.8024696403277489, "recall": 0.8018878400888395, "auc": 0.8683946172035153, "f1_test": 0.8019774906927611, "coef": [null]}
{"time": 210.01800680160522, "name": "GradientBoostingClassifier", "model": "GradientBoostingClassifier(max_depth=9, max_features=9, min_samples_split=900,\n                           n_estimators=20, random_state=42, subsample=0.6)", "size": [54064, 27022, 27015], "accuracy": 0.8072922450490468, "precision": 0.8082626211798515, "recall": 0.8072922450490468, "auc": 0.8778849326989535, "f1_test": 0.8073871849853664, "coef": [null]}
{"time": 324.34942865371704, "name": "2 layer NN", "model": {"clf__batch_size": 100, "clf__epochs": 25}, "size": [54064, 27022, 27015], "accuracy": 0.8058856191004997, "precision": 0.8072571496641076, "recall": 0.8058856191004997, "auc": 0.877251597528465, "f1_test": 0.8059764273847575, "coef": [null]}
