{"time": 1.3717374801635742, "name": "LogisticRegression", "model": "LogisticRegression(C=1e-05, penalty='none', random_state=0)", "size": [54051, 27025, 27025], "accuracy": 0.8020351526364478, "precision": 0.7715406562054208, "recall": 0.8343875347115088, "sensitivity": 0.8343875347115088, "specificity": 0.7722068131711827, "auc": 0.8670084862533439, "f1_test": 0.8017343611028758, "coef": [{"intercept": -2.193070274081668, "cough": -0.7337122177863322, "fever": 0.48088189344894205, "sore_throat": 0.9219195760749992, "shortness_of_breath": 1.0017441008341457, "head_ache": 1.2128849724248105, "Sixties": 0.34830960114224885, "Gender": -0.14246627530933853, "contact": 3.0786291904631296, "Sixties_1": -1.7838245647418416, "Gender_1": -1.131800566137294, "contact_1": 0.3417755159146189}], "best_param": {"clf__C": 1e-05}}
{"time": 596.3870477676392, "name": "RandomForestClassifier", "model": "RandomForestClassifier(max_depth=10, max_features=5, min_samples_split=12,\n                       n_estimators=71, random_state=0)", "size": [54051, 27025, 27025], "accuracy": 0.8068825161887142, "precision": 0.7782568082201624, "recall": 0.8354674483184202, "sensitivity": 0.8354674483184202, "specificity": 0.7805277007325225, "auc": 0.8783023701485271, "f1_test": 0.8058479967263122, "coef": [{"cough": 0.12397727675061214, "fever": 0.019085927957084137, "sore_throat": 0.05078029013558822, "shortness_of_breath": 0.02569940893094752, "head_ache": 0.18417112982961034, "Sixties": 0.045208900028205684, "Gender": 0.007038086839109315, "contact": 0.3489093365112486, "Sixties_1": 0.15472078692977095, "Gender_1": 0.005399384002074216, "contact_1": 0.035009472085748956}], "best_param": {"clf__max_depth": 10, "clf__max_features": 5, "clf__min_samples_split": 12, "clf__n_estimators": 71}}
{"time": 158.05387902259827, "name": "GradientBoostingClassifier", "model": "GradientBoostingClassifier(max_depth=12, n_estimators=70, random_state=0)", "size": [54051, 27025, 27025], "accuracy": 0.8067715078630897, "precision": 0.778930681654417, "recall": 0.8338475779080531, "sensitivity": 0.8338475779080531, "specificity": 0.781807837280421, "auc": 0.8771642927043692, "f1_test": 0.8054541390358393, "coef": [{"cough": 0.09032548131301095, "fever": 0.014965043382756778, "sore_throat": 0.03857839517309332, "shortness_of_breath": 0.023090700080965993, "head_ache": 0.1084272789099169, "Sixties": 0.005271906862786884, "Gender": 0.00687727505408444, "contact": 0.4275129851878986, "Sixties_1": 0.2312339321891872, "Gender_1": 0.0050269810294117315, "contact_1": 0.048690020816887405}], "best_param": {"clf__max_depth": 12, "clf__n_estimators": 70}}
{"time": 364.1156451702118, "name": "MLPClassifier", "model": "MLPClassifier(batch_size=10, hidden_layer_sizes=(6, 3, 1), max_iter=10,\n              random_state=0)", "size": [54051, 27025, 27025], "accuracy": 0.8048103607770583, "precision": 0.7813803703432628, "recall": 0.8235112619561864, "sensitivity": 0.8235112619561864, "specificity": 0.787568451745964, "auc": 0.8752760704499487, "f1_test": 0.8018928155631503, "coef": [null], "best_param": {"clf__batch_size": 10, "clf__max_iter": 10}}
