{"time": 3.1698801517486572, "name": "LogisticRegression", "model": "LogisticRegression(C=0.31622776601683794, random_state=42)", "size": [54064, 27022, 27015], "accuracy": 0.8043309272626319, "precision": 0.8058345248400389, "recall": 0.8043309272626319, "sensitivity": 0.8253021382088627, "specificity": 0.7851421280215496, "auc": 0.8670504096265979, "f1_test": 0.8044189552599779, "coef": [0.18086648429872304, -0.742444417599142, 0.4811269209141134, 0.8827681280221449, 0.9921112477026669, 1.194380683235828, 0.7490969487730894, -2.3171516403076433, 0.08399836627290828, -1.7501372828036468, -0.2252317188239214, -1.249292921252027]}
{"time": 162.7522919178009, "name": "RandomForestClassifier", "model": "RandomForestClassifier(max_depth=10, min_samples_leaf=4, min_samples_split=10,\n                       random_state=42)", "size": [54064, 27022, 27015], "accuracy": 0.8062928002961318, "precision": 0.807667656113807, "recall": 0.8062928002961318, "sensitivity": 0.8257669662224977, "specificity": 0.7884738073296945, "auc": 0.8771935695375614, "f1_test": 0.8063833462974281, "coef": [null]}
{"time": 8488.255244970322, "name": "SVC", "model": "SVC(C=0.01, gamma=0.1, probability=True, random_state=42)", "size": [54064, 27022, 27015], "accuracy": 0.8018878400888395, "precision": 0.8024696403277489, "recall": 0.8018878400888395, "sensitivity": 0.8092655717384568, "specificity": 0.7951371659459843, "auc": 0.8683946172035153, "f1_test": 0.8019774906927611, "coef": [null]}
{"time": 208.6718235015869, "name": "GradientBoostingClassifier", "model": "GradientBoostingClassifier(max_depth=9, max_features=9, min_samples_split=900,\n                           n_estimators=20, random_state=42, subsample=0.6)", "size": [54064, 27022, 27015], "accuracy": 0.8072922450490468, "precision": 0.8082626211798515, "recall": 0.8072922450490468, "sensitivity": 0.8213511000929656, "specificity": 0.7944282980080811, "auc": 0.8778849326989535, "f1_test": 0.8073871849853664, "coef": [null]}
{"time": 435.0738778114319, "name": "2 layer NN", "model": {"clf__batch_size": 100, "clf__epochs": 25}, "size": [54064, 27022, 27015], "accuracy": 0.8059596520451601, "precision": 0.8073126736746442, "recall": 0.8059596520451601, "sensitivity": 0.825147195537651, "specificity": 0.7884029205359041, "auc": 0.8772866345399605, "f1_test": 0.8060508460776976, "coef": [null]}
