{"time": 2.181833028793335, "name": "LogisticRegression", "model": "LogisticRegression(C=1.0, class_weight=None, dual=False, fit_intercept=True,\n                   intercept_scaling=1, l1_ratio=None, max_iter=100,\n                   multi_class='warn', n_jobs=None, penalty='l2',\n                   random_state=42, solver='warn', tol=0.0001, verbose=0,\n                   warm_start=False)", "size": [41417, 20772, 20729], "accuracy": 0.7765449370447199, "precision": 0.81993451145724, "recall": 0.7765449370447199, "auc": 0.6410777049377034, "f1_test": 0.7949440863533312, "f1_valid": 0.7774847001824386}
{"time": 27.363210916519165, "name": "RandomForestClassifier", "model": "RandomForestClassifier(bootstrap=True, class_weight=None, criterion='gini',\n                       max_depth=None, max_features='auto', max_leaf_nodes=None,\n                       min_impurity_decrease=0.0, min_impurity_split=None,\n                       min_samples_leaf=1, min_samples_split=2,\n                       min_weight_fraction_leaf=0.0, n_estimators='warn',\n                       n_jobs=None, oob_score=False, random_state=42, verbose=0,\n                       warm_start=False)", "size": [41417, 20772, 20729], "accuracy": 0.8117130589994693, "precision": 0.824351087902277, "recall": 0.8117130589994693, "auc": 0.6725014525736221, "f1_test": 0.817638916780887, "f1_valid": 0.7846672580439521}
