{"time": 1.653123140335083, "name": "LogisticRegression", "model": "LogisticRegression(C=1e-05, penalty='none', random_state=0)", "size": [53962, 26986, 53962], "accuracy": 0.8246543864200734, "precision": 0.8189287652119991, "recall": 0.8152006172839507, "sensitivity": 0.8152006172839507, "specificity": 0.8333927679908708, "AUC": 0.8896510310592314, "f1_test": 0.8170604384981246, "coef": [{"intercept": -2.846586460008481, "cough": -0.5543365974964177, "fever": 0.4768934505724934, "sore_throat": 0.8758686820128189, "shortness_of_breath": 1.1559541564184517, "head_ache": 1.1084193922336811, "Sixties": 0.4523874634596608, "Gender": -0.17043468233009382, "Ave_Pos_Past7d": 4.872738801387913, "Sixties_1": 0.04027638097280241, "Gender_1": -0.6333861920916337}], "best_param": {"clf__C": 1e-05}}
{"time": 907.9028725624084, "name": "RandomForestClassifier", "model": "RandomForestClassifier(max_depth=10, max_features=9, min_samples_split=12,\n                       n_estimators=83, random_state=0)", "size": [53962, 26986, 26981], "accuracy": 0.8365516474556169, "precision": 0.8140149845747026, "recall": 0.8550925925925926, "sensitivity": 0.8550925925925926, "specificity": 0.81941373653805, "AUC": 0.9007193822361695, "f1_test": 0.8340483179047189, "coef": [{"cough": 0.027109058208565556, "fever": 0.011772206936370495, "sore_throat": 0.03330068058799462, "shortness_of_breath": 0.025185125095017347, "head_ache": 0.09548079997942055, "Sixties": 0.009167387021278929, "Gender": 0.0068791331990064155, "Ave_Pos_Past7d": 0.7726843143344339, "Sixties_1": 0.016246082948992192, "Gender_1": 0.0021752116889200515}], "best_param": {"clf__max_depth": 10, "clf__max_features": 9, "clf__min_samples_split": 12, "clf__n_estimators": 83}}
{"time": 33.39670920372009, "name": "DecisionTreeClassifier", "model": "DecisionTreeClassifier(max_depth=8, max_leaf_nodes=46, random_state=0)", "size": [53962, 26986, 26981], "accuracy": 0.8349579333605129, "precision": 0.8055016878546291, "recall": 0.8653549382716049, "sensitivity": 0.8653549382716049, "specificity": 0.8068611368661294, "AUC": 0.8972774304152238, "f1_test": 0.8343562846408511, "coef": [{"cough": 0.02345483601344278, "fever": 0.006305081589282134, "sore_throat": 0.035248809456514256, "shortness_of_breath": 0.022819020364310272, "head_ache": 0.0817642825080674, "Sixties": 0.003281318424139821, "Gender": 0.0018793178680894566, "Ave_Pos_Past7d": 0.8054695260843331, "Sixties_1": 0.018203463253100356, "Gender_1": 0.0015743444387202586}], "best_param": {"clf__max_depth": 8, "clf__max_leaf_nodes": 46, "clf__min_samples_split": 2}}
{"time": 679.7511718273163, "name": "GradientBoostingClassifier", "model": "GradientBoostingClassifier(max_depth=12, n_estimators=78, random_state=0)", "size": [53962, 26986, 26981], "accuracy": 0.8288054556910418, "precision": 0.8063615661500037, "recall": 0.8469907407407408, "sensitivity": 0.8469907407407408, "specificity": 0.8119962912773696, "AUC": 0.8842556959314115, "f1_test": 0.826176946524668, "coef": [{"cough": 0.027760805447793784, "fever": 0.018492033505866905, "sore_throat": 0.03871791706492852, "shortness_of_breath": 0.029331605086332847, "head_ache": 0.07252437343918627, "Sixties": 0.011208195969483145, "Gender": 0.017885570598764354, "Ave_Pos_Past7d": 0.7639848567246659, "Sixties_1": 0.017165905953254394, "Gender_1": 0.0029287362097238498}], "best_param": {"clf__max_depth": 12, "clf__n_estimators": 78}}
{"time": 388.34767484664917, "name": "MLPClassifier", "model": "MLPClassifier(batch_size=10, hidden_layer_sizes=(6, 3, 1), max_iter=25,\n              random_state=0)", "size": [53962, 26986, 26981], "accuracy": 0.8317334420518142, "precision": 0.8216195569136746, "recall": 0.8298611111111112, "sensitivity": 0.8298611111111112, "specificity": 0.8334640895799158, "AUC": 0.8950334749198953, "f1_test": 0.8257197696737044, "coef": [null], "best_param": {"clf__batch_size": 10, "clf__max_iter": 25}}
