{"time": 1092.9929866790771, "name": "2 layer NN", "model": {"clf__batch_size": 10, "clf__epochs": 50}, "size": [54064, 27022, 27015], "accuracy": 0.8058856191004997, "precision": 0.8067989859141543, "recall": 0.8058856191004997, "sensitivity": 0.8190269600247908, "specificity": 0.7938612036577586, "auc": 0.877518139671323, "f1_test": 0.805981062377611, "coef": [null]}
{"time": 3.2766737937927246, "name": "LogisticRegression", "model": "LogisticRegression(C=0.31622776601683794, random_state=42)", "size": [54064, 27022, 27015], "accuracy": 0.8043309272626319, "precision": 0.8058345248400389, "recall": 0.8043309272626319, "sensitivity": 0.8253021382088627, "specificity": 0.7851421280215496, "auc": 0.8670502174172872, "f1_test": 0.8044189552599779, "coef": [-0.3245855983664546, -0.7424797916299695, 0.4809949988157893, 0.8825080641430707, 0.9921440510930633, 1.1941495473292516, 0.08402284453426462, -1.7502733523611147, -0.2253048034479555, -1.2497578587753553, 1.2542710561181338, 0.25315352363786, -1.8140616196177635, 0.25315352363786]}
{"time": 171.07261514663696, "name": "RandomForestClassifier", "model": "RandomForestClassifier(max_depth=10, min_samples_leaf=4, min_samples_split=10,\n                       random_state=42)", "size": [54064, 27022, 27015], "accuracy": 0.8061817508791412, "precision": 0.8076035175774724, "recall": 0.8061817508791412, "sensitivity": 0.8262317942361326, "specificity": 0.7878358261855817, "auc": 0.8770781780507996, "f1_test": 0.8062712074634585, "coef": [null]}
{"time": 11293.59794163704, "name": "SVC", "model": "SVC(C=0.1, gamma=0.01, probability=True, random_state=42)", "size": [54064, 27022, 27015], "accuracy": 0.7997408846936886, "precision": 0.8007218609995969, "recall": 0.7997408846936886, "sensitivity": 0.813603966532383, "specificity": 0.7870560714538881, "auc": 0.866373069507346, "f1_test": 0.7998395519386295, "coef": [null]}
{"time": 215.94330096244812, "name": "GradientBoostingClassifier", "model": "GradientBoostingClassifier(max_depth=9, max_features=7, min_samples_split=700,\n                           n_estimators=30, random_state=42, subsample=0.6)", "size": [54064, 27022, 27015], "accuracy": 0.8074403109383675, "precision": 0.8085748413011977, "recall": 0.8074403109383675, "sensitivity": 0.823830182832352, "specificity": 0.7924434677819522, "auc": 0.8779272571891719, "f1_test": 0.8075343929234121, "coef": [null]}
