{"time": 1.812009572982788, "name": "LogisticRegression", "model": "LogisticRegression(C=1e-05, penalty='none', random_state=42)", "size": [41464, 20744, 20711], "accuracy": 0.7818550528704553, "precision": 0.7810496103097511, "recall": 0.7818550528704553, "auc": 0.7743491881068725, "f1_test": 0.7809767881174399, "f1_valid": 0.7803637357116464, "coef": [0.14668104201998167, -0.7821258237450691, 0.4918423127952255, 0.8814845781037953, 1.0467952400408598, 1.2287232546317255, 0.3539637138932647, -0.116557516747705, 0.6161112886652212, -2.4737622271243787]}
