{"time": 1.5714380741119385, "name": "LogisticRegression", "model": "LogisticRegression(C=1e-05, penalty='none', random_state=0)", "size": [54051, 27025, 27025], "accuracy": 0.8020351526364478, "precision": 0.7715406562054208, "recall": 0.8343875347115088, "sensitivity": 0.8343875347115088, "specificity": 0.7722068131711827, "auc": 0.8670084862533439, "f1_test": 0.8017343611028758, "coef": [{"intercept": -2.1930702678918723, "cough": -0.7337122235041638, "fever": 0.480881894038741, "sore_throat": 0.9219195649230182, "shortness_of_breath": 1.0017441147400563, "head_ache": 1.2128849714111571, "Sixties_1": 0.34830958820321417, "Sixties_2": -1.7838235260659072, "Gender_1": -0.14246626819434624, "Gender_2": -1.1317991769114086, "contact_1": 3.078629187141458, "contact_2": 0.3417896788731384}], "best_param": {"clf__C": 1e-05}}
{"time": 557.991774559021, "name": "RandomForestClassifier", "model": "RandomForestClassifier(max_depth=10, max_features=5, min_samples_split=12,\n                       n_estimators=67, random_state=0)", "size": [54051, 27025, 27025], "accuracy": 0.8070675300647548, "precision": 0.7785365152386429, "recall": 0.8354674483184202, "sensitivity": 0.8354674483184202, "specificity": 0.7808832942180499, "auc": 0.8783906870186828, "f1_test": 0.8059979163566008, "coef": [{"cough": 0.12359278586612044, "fever": 0.021194023909534322, "sore_throat": 0.04843700157488555, "shortness_of_breath": 0.025039660205566253, "head_ache": 0.16223860508867147, "Sixties_1": 0.053270754075483394, "Sixties_2": 0.1512134679812605, "Gender_1": 0.007265059110878709, "Gender_2": 0.005780165929379966, "contact_1": 0.35404057341118467, "contact_2": 0.04792790284703484}], "best_param": {"clf__max_depth": 10, "clf__max_features": 5, "clf__min_samples_split": 12, "clf__n_estimators": 67}}
{"time": 155.69588208198547, "name": "GradientBoostingClassifier", "model": "GradientBoostingClassifier(max_depth=12, n_estimators=70, random_state=0)", "size": [54051, 27025, 27025], "accuracy": 0.8067715078630897, "precision": 0.778930681654417, "recall": 0.8338475779080531, "sensitivity": 0.8338475779080531, "specificity": 0.781807837280421, "auc": 0.877164289961439, "f1_test": 0.8054541390358393, "coef": [{"cough": 0.09032519530057107, "fever": 0.014965099872957788, "sore_throat": 0.03857839735022764, "shortness_of_breath": 0.023090619418459284, "head_ache": 0.10842727910436337, "Sixties_1": 0.00525593839949609, "Sixties_2": 0.23123718425839282, "Gender_1": 0.006864210580691735, "Gender_2": 0.005053069710318613, "contact_1": 0.42843579524057346, "contact_2": 0.04776721076394821}], "best_param": {"clf__max_depth": 12, "clf__n_estimators": 70}}
{"time": 1035.3785648345947, "name": "2LayerNN", "model": {"clf__batch_size": 10, "clf__epochs": 50}, "size": [54051, 27025, 27025], "accuracy": 0.806068455134135, "precision": 0.8076839776838253, "recall": 0.806068455134135, "sensitivity": 0.8296050601666153, "specificity": 0.7843681103762179, "auc": 0.8777156573549887, "f1_test": 0.8061283393124977, "coef": [null]}
