{"time": 10.493440628051758, "name": "LogisticRegression", "model": "LogisticRegression(C=1e-05, penalty='none', random_state=42)", "size": [41459, 20730, 20730], "accuracy": 0.7811866859623734, "precision": 0.7802665652471226, "recall": 0.7811866859623734, "auc": 0.7728562035339546, "f1_test": 0.7802775863878644, "f1_valid": 0.7803789898063214, "coef": [0.14484431551781554, -0.7982254374957569, 0.4985525018723849, 0.8818944072072034, 1.0591970999093387, 1.2101051564795686, 0.352018372439086, -0.11370945969698759, 0.6223802386378077, -2.4750887852477366]}
