{"time": 1.8247511386871338, "name": "LogisticRegression", "model": "LogisticRegression(C=1e-05, penalty='none', random_state=42)", "size": [41464, 20744, 20711], "accuracy": 0.7818550528704553, "precision": 0.7810496103097511, "recall": 0.7818550528704553, "auc": 0.8303537901156761, "f1_test": 0.7809767881174399, "f1_valid": 0.7803637357116464, "coef": [0.14668104201998167, -0.7821258237450691, 0.4918423127952255, 0.8814845781037953, 1.0467952400408598, 1.2287232546317255, 0.3539637138932647, -0.116557516747705, 0.6161112886652212, -2.4737622271243787]}
{"time": 125.30082368850708, "name": "RandomForestClassifier", "model": "RandomForestClassifier(max_depth=10, min_samples_leaf=4, min_samples_split=10,\n                       random_state=42)", "size": [41464, 20744, 20711], "accuracy": 0.7946019023707209, "precision": 0.7988125569900205, "recall": 0.7946019023707209, "auc": 0.8400514243794922, "f1_test": 0.790518253053996, "f1_valid": 0.7874070432016516, "coef": [null]}
